{
    "title": "Create User",
    "jsonPage": "viewUser",
    "desciption": "",
    "pageType": "create",
    "fields": [{
        "name": "Id",
        "type": "hidden",
        "tableRef": "_id",
        "placeholder": "Id",
        "id": "input1",
        "validation": ["required", "trim", "unique"],
        "url": ""
    },{
        "name": "Full Name",
        "type": "text",
        "tableRef": "name",
        "placeholder": "Enter Name",
        "id": "input2",
        "validation": ["required", "trim", "unique"],
        "url": ""
    }, {
        "name": "Email",
        "type": "email",
        "tableRef": "email",
        "placeholder": "Enter Email",
        "id": "input3",
        "validation": ["required", "trim", "unique"],
        "url": ""
    },{
        "name": "Mobile",
        "type": "text",
        "tableRef": "mobile",
        "placeholder": "Enter Mobile No",
        "id": "input3",
        "validation": ["required", "trim", "unique"],
        "url": ""
    },{
        "name": "Gender",
        "type": "select",
        "option":"single",
        "tableRef": "gender",
        "placeholder": "Select Gender",
        "id": "input3",
        "validation": ["required", "trim", "unique"],
        "url": [{
            "value" : "Male",
            "name" : "Male"
        },{
            "value" : "Female",
            "name" : "Female"
        },{
            "value" : "Other",
            "name" : "Other"
        }]
    },{
        "name": "DOB",
        "type": "date",
        "tableRef": "dob",
        "placeholder": "Enter Date of birth",
        "id": "input3",
        "validation": ["required", "trim", "unique"],
        "url": ""
    },{
        "name": "Address1",
        "type": "text",
        "tableRef": "address1",
        "placeholder": "Enter Address1",
        "id": "input3",
        "validation": ["required", "trim", "unique"],
        "url": ""
    },{
        "name": "Address2",
        "type": "text",
        "tableRef": "address2",
        "placeholder": "Enter Address2",
        "id": "input3",
        "validation": ["required", "trim", "unique"],
        "url": ""
    },{
        "name": "Town",
        "type": "text",
        "tableRef": "town",
        "placeholder": "Enter Town",
        "id": "input3",
        "validation": ["required", "trim", "unique"],
        "url": ""
    },{
        "name": "City",
        "type": "text",
        "tableRef": "city",
        "placeholder": "Enter City",
        "id": "input3",
        "validation": ["required", "trim", "unique"],
        "url": ""
    },{
        "name": "Pincode",
        "type": "Number",
        "tableRef": "pincode",
        "placeholder": "Enter Pincode",
        "id": "input3",
        "validation": ["required", "trim", "unique"],
        "url": ""
    },{
        "name": "Country",
        "type": "text",
        "tableRef": "country",
        "placeholder": "Enter Country",
        "id": "input4",
        "validation": ["required", "trim", "unique"],
        "url": ""
    },{
        "name": "Latitude",
        "type": "text",
        "tableRef": "lat",
        "placeholder": "Enter Latitude",
        "id": "input4",
        "validation": ["required", "trim", "unique"],
        "url": ""
    },{
        "name": "Longitude",
        "type": "text",
        "tableRef": "lng",
        "placeholder": "Enter Longitude",
        "id": "input4",
        "validation": ["required", "trim", "unique"],
        "url": ""
     },{
      "name": "Dietary Needs",
      "type": "chips",
      "tableRef": "dietaryNeeds",
      "placeholder": "Enter Dietary Needs",
      "id": "input4",
      "validation": ["required", "trim", "unique"],
      "url": ""
    },{
        "name": "Annual Income",
        "type": "text",
        "tableRef": "annualIncome",
        "placeholder": "Enter Annual Income",
        "id": "input4",
        "validation": ["required", "trim", "unique"],
        "url": ""
    },{
        "name": "facebook",
        "type": "text",
        "tableRef": "facebookID",
        "placeholder": "Enter facebookID",
        "id": "input4",
        "validation": ["required", "trim", "unique"],
        "url": ""
    },{
        "name": "Google",
        "type": "text",
        "tableRef": "googleID",
        "placeholder": "Enter GoogleID",
        "id": "input4",
        "validation": ["required", "trim", "unique"],
        "url": ""
    },{
        "name": "Favourite branch",
        "type": "selectFromTable",
        "option":"single",
        "dropDownName": "branchName",
        "tableRef": "favBranch",
        "placeholder": "Select favourite branch",
        "id": "input4",
        "validation": ["required", "trim", "unique"],
        "url": "BranchRegistration/search",
        "model": "favBranch"
    }],
    "action": [{
        "name": "submit",
        "action": "submitUser"
    }, {
        "name": "cancel",
        "stateName": "page({jsonName:'viewUser'})"
    }],

    "apiCall": {
        "url": "User/save"
    }
}
