{
    "title": "Create Offer",
    "jsonPage": "viewOffer",
    "desciption": "",
    "pageType": "create",
    "fields": [{
        "name": "Id",
        "type": "hidden",
        "tableRef": "_id",
        "id": "input1",
        "validation": ["required", "trim", "unique"],
        "url": ""
    }, {
        "name": "Offer type",
        "type": "text",
        "tableRef": "offerType",
        "placeholder": "Enter offer type",
        "id": "input2",
        "validation": ["required", "trim", "unique"],
        "url": ""
    }, {
        "name": "Loyalty program name",
        "type": "text",
        "tableRef": "loyaltyProgramName",
        "placeholder": "Enter loyalty program name",
        "id": "input2",
        "validation": ["required", "trim", "unique"],
        "url": ""
    }, {
        "name": "Points/Stamps",
        "type": "text",
        "tableRef": "pointsStamps",
        "placeholder": "Enter Points/Stamps",
        "id": "input3",
        "validation": ["required", "trim", "unique"],
        "url": ""
    }, {
        "name": "Basis",
        "type": "chips",
        "tableRef": "basis",
        "placeholder": "Enter basis",
        "id": "input3",
        "validation": ["required", "trim", "unique"],
        "url": ""
    }, {
        "name": "For every",
        "type": "text",
        "tableRef": "forEvery",
        "placeholder": "Enter for Every",
        "id": "input3",
        "validation": ["required", "trim", "unique"],
        "url": ""
    }, {
        "name": "Minimum bill amount",
        "type": "text",
        "tableRef": "minBillAmount",
        "placeholder": "Enter minimum bill amount",
        "id": "input3",
        "validation": ["required", "trim", "unique"],
        "url": ""
    }, {
        "name": "Promo image",
        "type": "image",
        "option":"single",
        "tableRef": "promoImage",
        "placeholder": "Upload promo image",
        "id": "input3",
        "validation": ["required", "trim", "unique"],
        "url": ""
    }, {
        "name": "Head lines",
        "type": "text",
        "tableRef": "addHeadlines",
        "placeholder": "Enter add head lines",
        "id": "input3",
        "validation": ["required", "trim", "unique"],
        "url": ""
    }, {
        "name": "Total",
        "type": "text",
        "tableRef": "total",
        "placeholder": "Enter total",
        "id": "input3",
        "validation": ["required", "trim", "unique"],
        "url": ""
    }, {
        "name": "Real",
        "type": "text",
        "tableRef": "real",
        "placeholder": "Enter real",
        "id": "input3",
        "validation": ["required", "trim", "unique"],
        "url": ""
    }, {
        "name": "Minimum spend",
        "type": "text",
        "tableRef": "minSpendOf",
        "placeholder": "Enter minimum spend",
        "id": "input3",
        "validation": ["required", "trim", "unique"],
        "url": ""
    }, {
        "name": "Start From date",
        "type": "date",
        "tableRef": "startFromdate",
        "placeholder": "Select startFromdate",
        "id": "input4",
        "validation": ["required", "trim", "unique"],
        "url": ""
    }, {
        "name": "Start From time",
        "type": "date",
        "tableRef": "startFromTime",
        "placeholder": "Select start from time",
        "id": "input4",
        "validation": ["required", "trim", "unique"],
        "url": ""
    }, {
        "name": "End to date",
        "type": "date",
        "tableRef": "endToDate",
        "placeholder": "Select end to date",
        "id": "input4",
        "validation": ["required", "trim", "unique"],
        "url": ""
    }, {
        "name": "End to time",
        "type": "date",
        "tableRef": "endToTime",
        "placeholder": "Select end to time",
        "id": "input4",
        "validation": ["required", "trim", "unique"],
        "url": ""
    }, {
        "name": "is Redemption Offer",
        "type": "select",
        "option":"single",
        "tableRef": "isRedemptionOffer",
        "placeholder": "Enter is Redemption Offer",
        "id": "input4",
        "validation": ["required", "trim", "unique"],
        "url": [{
            "value":"true",
            "name":"Yes"
        },{
            "value":"false",
            "name":"No"
        }]
    }, {
        "name": "Cost in points",
        "type": "text",
        "tableRef": "costInPoints",
        "placeholder": "Enter cost in points",
        "id": "input4",
        "validation": ["required", "trim", "unique"],
        "url": ""
     }, {
        "name": "Can be used",
        "type": "text",
        "tableRef": "canBeUsed",
        "placeholder": "Enter can be used",
        "id": "input2",
        "validation": ["required", "trim", "unique"],
        "url": ""
    }, {
        "name": "Valid On",
        "type": "select",
        "option":"single",
        "tableRef": "validOn",
        "option":"multiple",
        "id": "input2",
        "validation": ["required", "trim", "unique"],
        "url": [{
            "value":"Sunday",
            "name":"Sunday"
        },{
            "value":"Monday",
            "name":"Monday"
        },{
            "value":"Tuseday",
            "name":"Tuseday"
        },{
            "value":"Wednesday",
            "name":"Wednesday"
        },{
            "value":"Thursday",
            "name":"Thursday"
        },{
            "value":"Friday",
            "name":"Friday"
        },{
            "value":"Saturday",
            "name":"Saturday"
        }]
    }, {
        "name": "Location",
        "type": "text",
        "tableRef": "location",
        "placeholder": "Enter Location",
        "id": "input3",
        "validation": ["required", "trim", "unique"],
        "url": ""
    }, {
        "name": "Age greater then",
        "type": "text",
        "tableRef": "ageGreaterThen",
        "placeholder": "Enter age greater then",
        "id": "input3",
        "validation": ["required", "trim", "unique"],
        "url": ""
    }, {
        "name": "Age lower limit",
        "type": "text",
        "tableRef": "ageLowerLimit",
        "placeholder": "Enter age lower limit",
        "id": "input3",
        "validation": ["required", "trim", "unique"],
        "url": ""
    }, {
        "name": "Age upper limit",
        "type": "text",
        "tableRef": "ageUpperLimit",
        "placeholder": "Enter age upper limit",
        "id": "input3",
        "validation": ["required", "trim", "unique"],
        "url": ""
    }, {
        "name": "Minimum balance",
        "type": "text",
        "tableRef": "minBalance",
        "placeholder": "Enter add minimum balance",
        "id": "input3",
        "validation": ["required", "trim", "unique"],
        "url": ""
    }, {
        "name": "Last activity",
        "type": "date",
        "tableRef": "lastActivity",
        "placeholder": "Enter Last activity",
        "id": "input3",
        "validation": ["required", "trim", "unique"],
        "url": ""
    }, {
        "name": "Sex",
        "type": "select",
        "option":"single",
        "tableRef": "sex",
        "id": "input3",
        "validation": ["required", "trim", "unique"],
        "url": [{
            "value":"Male",
            "name":"Male"
        },{
            "value":"Female",
            "name":"Female"
        },{
            "value":"Other",
            "name":"Other"
        }]
    }, {
        "name": "Lifetime points",
        "type": "text",
        "tableRef": "lifeTimePoints",
        "placeholder": "Enter Lifetime points",
        "id": "input3",
        "validation": ["required", "trim", "unique"],
        "url": ""
    }, {
        "name": "Birthday from date",
        "type": "date",
        "tableRef": "birthdayFrom",
        "placeholder": "Select birthday from date",
        "id": "input4",
        "validation": ["required", "trim", "unique"],
        "url": ""
    }, {
        "name": "Birthday to date",
        "type": "text",
        "tableRef": "birthdayTo",
        "placeholder": "Enter birthday to date",
        "id": "input4",
        "validation": ["required", "trim", "unique"],
        "url": ""
    }, {
        "name": "Anniversary date",
        "type": "chips",
        "tableRef": "anniversary",
        "placeholder": "Enter anniversary date",
        "id": "input4",
        "validation": ["required", "trim", "unique"],
        "url": ""
    }, {
        "name": "Children age from",
        "type": "text",
        "tableRef": "childrenAgeFrom",
        "placeholder": "Enter Children age from",
        "id": "input3",
        "validation": ["required", "trim", "unique"],
        "url": ""
    }, {
        "name": "Children age to",
        "type": "text",
        "tableRef": "childrenAgeTo",
        "placeholder": "Enter children age to",
        "id": "input3",
        "validation": ["required", "trim", "unique"],
        "url": ""
    }, {
        "name": "Nationality",
        "type": "text",
        "tableRef": "nationality",
        "placeholder": "Enter Nationality",
        "id": "input3",
        "validation": ["required", "trim", "unique"],
        "url": ""
    }, {
        "name": "Most visited branch",
        "type": "text",
        "tableRef": "mostVisitedBranch",
        "placeholder": "Enter Most visited branch",
        "id": "input3",
        "validation": ["required", "trim", "unique"],
        "url": ""
    }, {
        "name": "Three Month",
        "type": "text",
        "tableRef": "threeMonth",
        "placeholder": "Enter three month",
        "id": "input3",
        "validation": ["required", "trim", "unique"],
        "url": ""
    }, {
        "name": "City",
        "type": "text",
        "tableRef": "city",
        "placeholder": "Enter City",
        "id": "input3",
        "validation": ["required", "trim", "unique"],
        "url": ""
    }],
    "action": [{
        "name": "submit",
        "action": "submitUser"
    }, {
        "name": "cancel",
        "stateName": "page({jsonName:'viewOffer'})"
    }],

    "apiCall": {
        "url": "Offer/save"
    }
}
