{
    "title": "Edit Category Details",
    "jsonPage": "viewCategory",
    "desciption": "",
    "pageType": "edit",
    "urlFields": ["_id"],
    "fields": [{
        "name": "Id",
        "type": "hidden",
        "tableRef": "_id",
        "placeholder": "Enter name",
        "id": "input1",
        "validation": ["required", "trim", "unique"],
        "url": "",
        "model": "_id"
    },{
        "name": "name",
        "type": "text",
        "tableRef": "name",
        "placeholder": "Enter name",
        "id": "input1",
        "validation": ["required", "trim", "unique"],
        "url": "",
        "model": "name"
    },{
        "name": "Status",
        "type": "select",
        "option":"single",
        "tableRef": "status",
        "placeholder": "Select status",
        "id": "input3",
        "model": "status",
        "validation": ["required", "trim", "unique"],
        "url": [{
            "value": true,
            "name": "Enable"
        }, {
            "value": false,
            "name": "Disable"
        }]
    }],
    "action": [{
        "name": "submit",
        "action": "submitCategory"
    }, {
        "name": "cancel",
        "stateName": "page({jsonName:'viewCategory'})"
    }],
    "apiCall": {
        "url": "Category/save",
        "params": "_id"
    },
    "preApi": {
        "url": "Category/getOne",
        "params": "_id"
    }
}
