{
    "title": "Edit Branch Registration Details",
    "jsonPage": "viewBranchRegistration",
    "desciption": "",
    "pageType": "edit",
    "urlFields": ["_id"],
    "fields": [{
        "name": "Id",
        "type": "hidden",
        "tableRef": "_id",
        "id": "input1",
        "validation": ["required", "trim", "unique"],
        "url": "",
        "model": "_id"
    },{
        "name": "Branch Name",
        "type": "text",
        "tableRef": "branchName",
        "placeholder": "Enter Branch Name",
        "id": "input1",
        "validation": ["required", "trim", "unique"],
        "url": "",
        "model": "branchName"
    }, {
        "name": "Branch Id",
        "type": "text",
        "tableRef": "branchId",
        "placeholder": "Enter Branch Id",
        "id": "input2",
        "validation": ["required", "trim", "unique"],
        "url": "",
        "model": "branchId"
    }, {
        "name": "Address",
        "type": "text",
        "tableRef": "address",
        "placeholder": "Enter Address",
        "id": "input2",
        "validation": ["required", "trim", "unique"],
        "url": "",
        "model": "address"
    }, {
        "name": "ContactNumber",
        "type": "chips",
        "tableRef": "contactNumber",
        "placeholder": "Enter Contact Number",
        "id": "input3",
        "validation": ["required", "trim", "unique"],
        "url": "",
        "model": "contactNumber"
    }, {
        "name": "Number of Employee",
        "type": "text",
        "tableRef": "numberOfEmployee",
        "placeholder": "Enter Number Of Employee",
        "id": "input3",
        "validation": ["required", "trim", "unique"],
        "url": "",
        "model": "numberOfEmployee"
    }, {
        "name": "Photo",
        "type": "image",
        "tableRef": "photo",
        "model": "photo",
        "option": "multiple",
        "placeholder": "Upload Photo",
        "id": "input3",
        "validation": ["required", "trim", "unique"],
        "url": "",
        "model": "photo"
    }, {
        "name": "Establishment Type",
        "type": "text",
        "tableRef": "eastablishmentType",
        "placeholder": "Enter Type",
        "id": "input3",
        "validation": ["required", "trim", "unique"],
        "url": "",
        "model": "eastablishmentType"
    }, {
        "name": "Cuisines",
        "type": "chips",
        "tableRef": "cuisines",
        "placeholder": "Enter Cuisines",
        "id": "input3",
        "validation": ["required", "trim", "unique"],
        "url": "",
        "model": "cuisines"
    }, {
        "name": "Collection",
        "type": "select",
        "option":"single",
        "tableRef": "collections",
        "id": "input3",
        "validation": ["required", "trim", "unique"],
        "model": "collections",
        "url": [{
            "value": "true",
            "name": "Yes"
        }, {
            "value": "false",
            "name": "No"
        }]
    }, {
        "name": "Type of appointment",
        "type": "select",
        "option":"single",
        "tableRef": "typeOfAppoinment",
        "id": "input4",
        "validation": ["required", "trim", "unique"],
        "url": [{
            "value": "a",
            "name": "A"
        }, {
            "value": "b",
            "name": "B"
        }, {
            "value": "c",
            "name": "C"
        }],
        "model": "typeOfAppoinment"
    }, {
        "name": "Payment Method",
        "type": "chips",
        "tableRef": "paymentMethods",
        "placeholder": "Select Payment Method",
        "id": "input4",
        "validation": ["required", "trim", "unique"],
        "url": "",
        "model": "paymentMethods"
    }, {
        "name": "Average cost",
        "type": "text",
        "tableRef": "avgCost",
        "placeholder": "Enter average cost",
        "id": "input4",
        "validation": ["required", "trim", "unique"],
        "url": "",
        "model": "avgCost"
    }, {
        "name": "Tags",
        "type": "chips",
        "tableRef": "tags",
        "placeholder": "Enter tags",
        "id": "input4",
        "validation": ["required", "trim", "unique"],
        "url": "",
        "model": "tags"
    }],
    "action": [{
        "name": "submit",
        "action": "submitBranchRegistration"
    }, {
        "name": "cancel",
        "action": "cancelBranchRegistration",
        "stateName": "page({jsonName:'viewBranchRegistration'})"
    }],
    "apiCall": {
        "url": "BranchRegistration/save",
        "params": "_id"
    },
    "preApi": {
        "url": "BranchRegistration/getOne",
        "params": "_id"
    }
}
