{
    "title": "Edit HouseHold",
    "jsonPage": "viewHouseHold",
    "desciption": "",
    "pageType": "edit",
    "urlFields": ["_id"],
    "fields": [{
        "name": "Id",
        "type": "hidden",
        "tableRef": "_id",
        "placeholder": "Enter name",
        "id": "input1",
        "validation": ["required", "trim", "unique"],
        "url": "",
        "model": "_id"
    },{
        "name": "Relation",
        "type": "text",
        "tableRef": "name",
        "placeholder": "Enter Relation",
        "id": "input1",
        "validation": ["required", "trim", "unique"],
        "url": "",
        "model": "name"
    },{
        "name": "Age",
        "type": "text",
        "tableRef": "age",
        "placeholder": "Enter Age",
        "id": "input1",
        "validation": ["required", "trim", "unique"],
        "url": "",
        "model": "age"
    }],
    "action": [{
        "name": "submit",
        "action": "submitOneHouseHold"
    }, {
        "name": "cancel"
    }],
    "apiCall": {
        "url": "User/saveHouseHold",
        "params": "_id"
    },
    "preApi": {
        "url": "User/getOneHouseHold",
        "params": "_id"
    },
    "createButtonState": "page({jsonName:'createHouseHold'})",
    "sidemenu": [{
          "name": "User",
          "action": "sidemenuRedirect",
          "jsonPage": "editUser",
          "fieldsToSend": [1],
          "callFindOne": "User/getOne"
      }, {
          "name": "HouseHold",
          "action": "sidemenuRedirect",
          "jsonPage": "viewHouseHold",
          "fieldsToSend": [1],
          "callFindOne": "User/getHouseHold"
      }]
}
