{
    "title": "Edit Latitude Details",
    "jsonPage": "viewLatitude",
    "desciption": "",
    "pageType": "edit",
    "urlFields": ["_id"],
    "fields": [{
        "name": "Id",
        "type": "hidden",
        "tableRef": "_id",
        "placeholder": "Enter id",
        "id": "input1",
        "validation": ["required", "trim", "unique"],
        "url": "",
        "model": "_id"
    },  {
        "name": "Event Type",
        "type": "select",
        "option": "multiple",
        "tableRef": "eventType",
        "model": "eventType",
        "placeholder": "Enter EventType",
        "id": "input7",
        "validation": ["", "trim", "unique"],
        "url": [{
            "value": "Birthday Parties",
            "name": "Birthday Parties"
        },
        {
            "value": "Anniversary Celebrations",
            "name": "Anniversary Celebrations"
        },
        {
            "value": "Engagement Celebrations",
            "name": "Engagement Celebrations"
        },
        {
            "value": "Navjoths",
            "name": "Navjoths"
        },
         {
            "value": "Pre-Wedding Parties",
            "name": "Pre-Wedding Parties"
        },
        
        {
            "value": "Baby Showers",
            "name": "Baby Showers"
        },
        {
            "value": "Bridal Showers",
            "name": "Bridal Showers"
        },
        {
            "value": "Bachelor / Bachelorette Party",
            "name": "Bachelor / Bachelorette Party"
        },
        
        {
            "value": "Sangeet Ceremonies",
            "name": "Sangeet Ceremonies"
        },
        {
            "value": "Mehendi Ceremonies",
            "name": "Mehendi Ceremonies"
        },
        {
            "value": "Cocktail Parties",
            "name": "Cocktail Parties"
        },
        {
            "value": "Wedding Ceremonies",
            "name": "Wedding Ceremonies"
        },
         {
            "value": "Alumni Night",
            "name": "Alumni Night"
        },
        
        {
            "value": "Reunions",
            "name": "Reunions"
        },
        {
            "value": "Fresher’s Parties",
            "name": "Fresher’s Parties"
        },
        {
            "value": "Graduation Parties",
            "name": "Graduation Parties"
        },
        {
            "value": "Navratri Parties / Dandiya Nights",
            "name": "Navratri Parties / Dandiya Nights"
        }
        ,{
            "value": "Christmas Bashes",
            "name": "Christmas Bashes"
        }
        
        ]
    },{
        "name": "Name",
        "type": "text",
        "tableRef": "name",
        "model": "name",
        "placeholder": "Enter name",
        "id": "input5",
        "validation": ["required", "trim", "unique"],
        "url": ""
    }, {
        "name": "Mobile",
        "type": "text",
        "tableRef": "phone",
        "model": "phone",
        "placeholder": "Enter mobile",
        "id": "input5",
        "validation": ["required", "trim", "unique"],
        "url": ""
    }, {
        "name": "Email",
        "type": "text",
        "tableRef": "email",
        "model": "email",
        "placeholder": "Enter email",
        "id": "input5",
        "validation": ["required", "trim", "unique"],
        "url": ""
    }, {
        "name": "Comment",
        "type": "textarea",
        "tableRef": "comment",
        "model": "comment",
        "placeholder": "Enter comments",
        "id": "input5",
        "validation": ["required", "trim", "unique"],
        "url": ""
    }, {
        "name": "Event Date",
        "type": "date",
        "tableRef": "eventdate",
        "placeholder": "Select from date",
        "id": "input1",
        "validation": ["required", "trim", "unique"],
        "url": "",
        "model": "eventdate"
    }, {
        "name": "Time",
        "type": "dateFormat",
        "tableRef": "time",
        "model": "time",
        "placeholder": "Enter comments",
        "id": "input5",
        "validation": ["required", "trim", "unique"],
        "url": ""
    }, {
        "name": "Status",
        "type": "select",
        "option": "single",
        "tableRef": "status",
        "model": "status",
        "placeholder": "Enter status",
        "id": "input3",
        "validation": ["", "trim", "unique"],
        "url": [{
            "value": "Pending",
            "name": "Pending"
        }, {
            "value": "Spoke With Client",
            "name": "Spoke With Client"
        }, {
            "value": "Commented",
            "name": "Commented"
        }]
    }, {
        "name": "Note",
        "type": "textarea",
        "tableRef": "note",
        "model": "note",
        "placeholder": "Enter comments",
        "id": "input5",
        "validation": ["required", "trim", "unique"],
        "url": ""
    }, {
        "name": "Time updated",
        "type": "dateFormat",
        "tableRef": "updatedAt",
        "model": "updatedAt",
        "placeholder": "Enter comments",
        "id": "input5",
        "validation": ["required", "trim", "unique"],
        "url": ""
    }],
    "action": [{
        "name": "submit",
        "action": "submitLatitude"
    }, {
        "name": "cancel",
        "stateName": "page({jsonName:'viewLatitude'})"
    }],
    "apiCall": {
        "url": "Latitude/save",
        "params": "_id"
    },
    "preApi": {
        "url": "Latitude/getOne",
        "params": "_id"
    }
}