{
    "title": "Edit Loyalty Details",
    "jsonPage": "viewLoyalty",
    "desciption": "",
    "pageType": "edit",
    "urlFields": ["_id"],
    "fields": [{
        "name": "Id",
        "type": "hidden",
        "tableRef": "_id",
        "id": "input1",
        "validation": ["required", "trim", "unique"],
        "url": "",
        "model": "_id"
    },{
        "name": "Buisness Programme",
        "type": "text",
        "tableRef": "buisnessProgramme",
        "placeholder": "Enter Buisness Programme",
        "id": "input2",
        "validation": ["required", "trim", "unique"],
        "url": "",
        "model": "buisnessProgramme"
    }, {
        "name": "To Issue",
        "type": "select",
        "option":"single",
        "tableRef": "toIssue",
        "placeholder": "Enter to issue",
        "id": "input3",
        "validation": ["required", "trim", "unique"],
        "url": [{
            "value": "Points",
            "name": "Points"
        }, {
            "value": "Stamps",
            "name": "Stamps"
        }],
        "model": "toIssue"
    }, {
        "name": "Total reward",
        "type": "text",
        "tableRef": "totalReward",
        "placeholder": "Enter total reward",
        "id": "input3",
        "validation": ["required", "trim", "unique"],
        "url": "",
        "model": "totalReward"
    }],
    "action": [{
        "name": "submit",
        "action": "submitLoyalty"
    }, {
        "name": "cancel",
        "action": "cancelLoyalty",
        "stateName": "page({jsonName:'viewLoyalty'})"
    }],
    "apiCall": {
        "url": "Loyalty/save",
        "params": "_id"
    },
    "preApi": {
        "url": "Loyalty/getOne",
        "params": "_id"
    }
}
