{
    "title": "Smash",
    "desciption": "",
    "pageType": "view",
    "sortable": "Smash/sort",
    "fields": [{
        "name": "Time",
        "isSort": "",
        "tableRef": "time",
        "type": "dateFormat"
    }, {
        "name": "Name",
        "isSort": "",
        "tableRef": "name"
    }, {
        "name": "Mobile",
        "isSort": "",
        "tableRef": "phone"
    }, {
        "name": "Email",
        "isSort": "",
        "tableRef": "email"
    }, {
        "name": "Event Date",
        "isSort": "",
        "tableRef": "eventDate"
    }, {
        "name": "Comment",
        "isSort": "",
        "tableRef": "comment"
    }],
    "action": [{
        "name": "edit",
        "icon": "mode_edit",
        "color": "blue",
        "action": "redirect",
        "jsonPage": "editSmash",
        "fieldsToSend": ["_id"],
        "callFindOne": "Smash/getOne"
    }, {
        "name": "delete",
        "icon": "delete",
        "color": "red",
        "action": "apiCallConfirm",
        "title": "Delete Smash",
        "content": "Are you sure you want to delete Smash?",
        "api": "Smash/delete",
        "fieldsToSend": [{
            "name": "_id",
            "value": "_id"
        }]
    }],
    "apiCall": {
        "url": "Smash/getAll",
        "params": ""
    },
    "createButtonState": "page({jsonName:'createSmash'})"
}