{
    "title": "ContactUs",
    "desciption": "",
    "pageType": "view",
    "sortable": "ContactUs/sort",
    "fields": [{
        "name":"Time",
        "isSort": "",
        "tableRef": "time",
        "type":"dateFormat"
    },{
        "name": "Name",
        "isSort": "",
        "tableRef": "name"
    }, {
        "name": "Email",
        "isSort": "",
        "tableRef": "email"
    }, {
        "name": "Mobile",
        "isSort": "",
        "tableRef": "phone"
    },{
        "name": "Comment",
        "isSort": "",
        "tableRef": "comment"
    }],
    "action": [{
        "name": "edit",
        "icon": "mode_edit",
        "color": "blue",
        "action": "redirect",
        "jsonPage": "editContactUs",
        "fieldsToSend": ["_id"],
        "callFindOne": "ContactUs/getOne"
    }, {
        "name": "delete",
        "icon": "delete",
        "color": "red",
        "action": "apiCallConfirm",
        "title": "Delete ContactUs",
        "content": "Are you sure you want to delete ContactUs?",
        "api": "ContactUs/delete",
        "fieldsToSend": [{
            "name": "_id",
            "value": "_id"
        }]
    }],
    "apiCall": {
        "url": "ContactUs/search",
        "params": ""
    },
    "createButtonState": "page({jsonName:'createContactUs'})"
}
