{
    "title": "Enquiry",
    "desciption": "",
    "pageType": "view",
    "fields": [{
        "name":"Enquiry Time",
        "isSort": "",
        "tableRef": "time",
        "type":"dateFormat"

    },{
        "name": "Name",
        "isSort": "",
        "tableRef": "name"
    }, {
        "name": "Email",
        "isSort": "",
        "tableRef": "email"
    }, {
        "name": "Mobile",
        "isSort": "",
        "tableRef": "phone"
    },{
        "name": "Comment",
        "isSort": "",
        "tableRef": "comment"
    }],
    "action": [{
        "name": "edit",
        "icon": "mode_edit",
        "color": "blue",
        "action": "redirect",
        "jsonPage": "editEnquiry",
        "fieldsToSend": ["_id"],
        "callFindOne": "Enquiry/getOne"
    }, {
        "name": "delete",
        "icon": "delete",
        "color": "red",
        "action": "apiCallConfirm",
        "title": "Delete Tag",
        "content": "Are you sure you want to delete User?",
        "api": "Enquiry/delete",
        "fieldsToSend": [{
            "name": "_id",
            "value": "_id"
        }]
    }],
    "apiCall": {
        "url": "Enquiry/search",
        "params": ""
    },
    "createButtonState": "page({jsonName:'createEnquiry'})"
}