{
    "title": "All Enquiries",
    "desciption": "",
    "pageType": "view",
      "hideCreate": true,
    "fields": [{
        "name": "Name",
        "isSort": "",
        "tableRef": "name"
    }, {
        "name": "Email",
        "isSort": "",
        "tableRef": "email"
    }, {
        "name": "Mobile",
        "isSort": "",
        "tableRef": "phone"
    }],
    "action": [{
        "name": "edit",
        "icon": "mode_edit",
        "color": "blue",
        "action": "redirect",
        "jsonPage": "editEnquiry",
        "fieldsToSend": ["_id"],
        "callFindOne": "enquiry/findOne"
    }],
    "button": [{
        "name": "excelexport",
        "icon": "print",
        "color": "blue",
        "action": "excelexport"
    }, {
        "name": "uploadcsv",
        "icon": "delete",
        "color": "red",
        "action": "uploadcsv"
    }],

    "apiCall": {
        "url": "enquiry/findLimited",
        "params": ""
    }
}
